EmpId,EmpName,Designation ,DepartMent,CompanyId,CompanyName
43258,Hethu,TechnicalSupport,IT,83,BizRuntime
43259,Deeksha,BusinessAnalyst,Infrastructures,75,Microsoft
43260,Deeksha,BusinessAnalyst,Infrastructures,65,Toshiba
43261,Manisha,SoftwareEngineer,SalesAndMarketing ,55,Asus
43262,Lavanya,NetworkEngineer,HR,45,SAMSUNG
43263,Nandini,WebDeveloper,AccountsAndFinance,35,Dell
43264,Hethu,TechnicalSupport,IT,83,BizRuntime
43265,Manisha,SoftwareEngineer,SalesAndMarketing ,55,Asus
43266,Deeksha,BusinessAnalyst,Infrastructures,65,Toshiba
43267,Lavanya,NetworkEngineer,HR,45,SAMSUNG
43268,Hethu,TechnicalSupport,IT,83,BizRuntime
43269,Nandini,WebDeveloper,AccountsAndFinance,35,Dell
43270,Hethu,TechnicalSupport,IT,83,BizRuntime
43271,Deeksha,BusinessAnalyst,Infrastructures,75,Microsoft
43272,Lavanya,NetworkEngineer,HR,45,SAMSUNG
43273,Manisha,SoftwareEngineer,SalesAndMarketing ,55,Asus
43274,Hethu,TechnicalSupport,IT,83,BizRuntime
43275,Nandini,WebDeveloper,AccountsAndFinance,35,Dell
43276,Hethu,TechnicalSupport,IT,83,BizRuntime
43277,Lavanya,NetworkEngineer,HR,45,SAMSUNG
43278,Deeksha,BusinessAnalyst,Infrastructures,65,Toshiba
43279,Deeksha,BusinessAnalyst,Infrastructures,75,Microsoft
43280,Hethu,TechnicalSupport,IT,83,BizRuntime
43281,Nandini,WebDeveloper,AccountsAndFinance,35,Dell
43282,Lavanya,NetworkEngineer,HR,45,SAMSUNG
43283,Deeksha,BusinessAnalyst,Infrastructures,75,Microsoft
43284,Deeksha,BusinessAnalyst,Infrastructures,65,Toshiba
43285,Manisha,SoftwareEngineer,SalesAndMarketing ,55,Asus
43286,Hethu,TechnicalSupport,IT,83,BizRuntime
43287,Nandini,WebDeveloper,AccountsAndFinance,35,Dell
43288,Hethu,TechnicalSupport,IT,83,BizRuntime
43289,Manisha,SoftwareEngineer,SalesAndMarketing ,55,Asus
43290,Deeksha,BusinessAnalyst,Infrastructures,65,Toshiba
43291,Deeksha,BusinessAnalyst,Infrastructures,75,Microsoft
43292,Lavanya,NetworkEngineer,HR,45,SAMSUNG
43293,Nandini,WebDeveloper,AccountsAndFinance,35,Dell
43294,Hethu,TechnicalSupport,IT,83,BizRuntime
43295,Deeksha,BusinessAnalyst,Infrastructures,75,Microsoft
43296,Deeksha,BusinessAnalyst,Infrastructures,65,Toshiba
43297,Lavanya,NetworkEngineer,HR,45,SAMSUNG
43298,Hethu,TechnicalSupport,IT,83,BizRuntime
43299,Nandini,WebDeveloper,AccountsAndFinance,35,Dell
43300,Hethu,TechnicalSupport,IT,83,BizRuntime
43301,Manisha,SoftwareEngineer,SalesAndMarketing ,55,Asus
43302,Lavanya,NetworkEngineer,HR,45,SAMSUNG
43303,Deeksha,BusinessAnalyst,Infrastructures,75,Microsoft
43304,Hethu,TechnicalSupport,IT,83,BizRuntime
43305,Nandini,WebDeveloper,AccountsAndFinance,35,Dell
43306,Hethu,TechnicalSupport,IT,83,BizRuntime
43307,Lavanya,NetworkEngineer,HR,45,SAMSUNG
43308,Deeksha,BusinessAnalyst,Infrastructures,65,Toshiba
43309,Manisha,SoftwareEngineer,SalesAndMarketing ,55,Asus
43310,Hethu,TechnicalSupport,IT,83,BizRuntime
43311,Nandini,WebDeveloper,AccountsAndFinance,35,Dell
43312,Lavanya,NetworkEngineer,HR,45,SAMSUNG
43313,Manisha,SoftwareEngineer,SalesAndMarketing ,55,Asus
43314,Deeksha,BusinessAnalyst,Infrastructures,65,Toshiba
43315,Deeksha,BusinessAnalyst,Infrastructures,75,Microsoft
43316,Hethu,TechnicalSupport,IT,83,BizRuntime
43317,Nandini,WebDeveloper,AccountsAndFinance,35,Dell
43318,Hethu,TechnicalSupport,IT,83,BizRuntime
43319,Deeksha,BusinessAnalyst,Infrastructures,75,Microsoft
43320,Deeksha,BusinessAnalyst,Infrastructures,65,Toshiba
43321,Manisha,SoftwareEngineer,SalesAndMarketing ,55,Asus
43322,Lavanya,NetworkEngineer,HR,45,SAMSUNG
43323,Nandini,WebDeveloper,AccountsAndFinance,35,Dell
43324,Hethu,TechnicalSupport,IT,83,BizRuntime
43325,Manisha,SoftwareEngineer,SalesAndMarketing ,55,Asus
43326,Deeksha,BusinessAnalyst,Infrastructures,65,Toshiba
43327,Lavanya,NetworkEngineer,HR,45,SAMSUNG
43328,Hethu,TechnicalSupport,IT,83,BizRuntime
43329,Nandini,WebDeveloper,AccountsAndFinance,35,Dell
43330,Hethu,TechnicalSupport,IT,83,BizRuntime
43331,Deeksha,BusinessAnalyst,Infrastructures,75,Microsoft
43332,Lavanya,NetworkEngineer,HR,45,SAMSUNG
43333,Manisha,SoftwareEngineer,SalesAndMarketing ,55,Asus
43334,Hethu,TechnicalSupport,IT,83,BizRuntime
43335,Nandini,WebDeveloper,AccountsAndFinance,35,Dell
43336,Hethu,TechnicalSupport,IT,83,BizRuntime
43337,Lavanya,NetworkEngineer,HR,45,SAMSUNG
43338,Deeksha,BusinessAnalyst,Infrastructures,65,Toshiba
43339,Deeksha,BusinessAnalyst,Infrastructures,75,Microsoft
43340,Hethu,TechnicalSupport,IT,83,BizRuntime
43341,Nandini,WebDeveloper,AccountsAndFinance,35,Dell
43342,Lavanya,NetworkEngineer,HR,45,SAMSUNG
43343,Deeksha,BusinessAnalyst,Infrastructures,75,Microsoft
43344,Deeksha,BusinessAnalyst,Infrastructures,65,Toshiba
43345,Manisha,SoftwareEngineer,SalesAndMarketing ,55,Asus
43346,Hethu,TechnicalSupport,IT,83,BizRuntime
43347,Nandini,WebDeveloper,AccountsAndFinance,35,Dell
43348,Hethu,TechnicalSupport,IT,83,BizRuntime
43349,Manisha,SoftwareEngineer,SalesAndMarketing ,55,Asus
43350,Deeksha,BusinessAnalyst,Infrastructures,65,Toshiba
43351,Deeksha,BusinessAnalyst,Infrastructures,75,Microsoft
43352,Lavanya,NetworkEngineer,HR,45,SAMSUNG
43353,Nandini,WebDeveloper,AccountsAndFinance,35,Dell
43354,Hethu,TechnicalSupport,IT,83,BizRuntime
43355,Deeksha,BusinessAnalyst,Infrastructures,75,Microsoft
43356,Deeksha,BusinessAnalyst,Infrastructures,65,Toshiba
43357,Lavanya,NetworkEngineer,HR,45,SAMSUNG
43358,Hethu,TechnicalSupport,IT,83,BizRuntime
43359,Nandini,WebDeveloper,AccountsAndFinance,35,Dell
43360,Hethu,TechnicalSupport,IT,83,BizRuntime
43361,Manisha,SoftwareEngineer,SalesAndMarketing ,55,Asus
43362,Lavanya,NetworkEngineer,HR,45,SAMSUNG
43363,Deeksha,BusinessAnalyst,Infrastructures,75,Microsoft
43364,Hethu,TechnicalSupport,IT,83,BizRuntime
43365,Nandini,WebDeveloper,AccountsAndFinance,35,Dell
43366,Hethu,TechnicalSupport,IT,83,BizRuntime
43367,Lavanya,NetworkEngineer,HR,45,SAMSUNG
43368,Deeksha,BusinessAnalyst,Infrastructures,65,Toshiba
43369,Manisha,SoftwareEngineer,SalesAndMarketing ,55,Asus
43370,Hethu,TechnicalSupport,IT,83,BizRuntime
43371,Nandini,WebDeveloper,AccountsAndFinance,35,Dell
43372,Lavanya,NetworkEngineer,HR,45,SAMSUNG
43373,Manisha,SoftwareEngineer,SalesAndMarketing ,55,Asus
43374,Deeksha,BusinessAnalyst,Infrastructures,65,Toshiba
43375,Deeksha,BusinessAnalyst,Infrastructures,75,Microsoft
43376,Hethu,TechnicalSupport,IT,83,BizRuntime
43377,Nandini,WebDeveloper,AccountsAndFinance,35,Dell
43378,Hethu,TechnicalSupport,IT,83,BizRuntime
43379,Deeksha,BusinessAnalyst,Infrastructures,75,Microsoft
43380,Deeksha,BusinessAnalyst,Infrastructures,65,Toshiba
43381,Manisha,SoftwareEngineer,SalesAndMarketing ,55,Asus
43382,Lavanya,NetworkEngineer,HR,45,SAMSUNG
43383,Nandini,WebDeveloper,AccountsAndFinance,35,Dell
43384,Hethu,TechnicalSupport,IT,83,BizRuntime
43385,Manisha,SoftwareEngineer,SalesAndMarketing ,55,Asus
43386,Deeksha,BusinessAnalyst,Infrastructures,65,Toshiba
43387,Lavanya,NetworkEngineer,HR,45,SAMSUNG
43388,Hethu,TechnicalSupport,IT,83,BizRuntime
43389,Nandini,WebDeveloper,AccountsAndFinance,35,Dell
43390,Hethu,TechnicalSupport,IT,83,BizRuntime
43391,Deeksha,BusinessAnalyst,Infrastructures,75,Microsoft
43392,Lavanya,NetworkEngineer,HR,45,SAMSUNG
43393,Manisha,SoftwareEngineer,SalesAndMarketing ,55,Asus
43394,Hethu,TechnicalSupport,IT,83,BizRuntime
43395,Nandini,WebDeveloper,AccountsAndFinance,35,Dell
43396,Hethu,TechnicalSupport,IT,83,BizRuntime
43397,Lavanya,NetworkEngineer,HR,45,SAMSUNG
43398,Deeksha,BusinessAnalyst,Infrastructures,65,Toshiba
43399,Deeksha,BusinessAnalyst,Infrastructures,75,Microsoft
43400,Hethu,TechnicalSupport,IT,83,BizRuntime
43401,Nandini,WebDeveloper,AccountsAndFinance,35,Dell
43402,Lavanya,NetworkEngineer,HR,45,SAMSUNG
43403,Deeksha,BusinessAnalyst,Infrastructures,75,Microsoft
43404,Deeksha,BusinessAnalyst,Infrastructures,65,Toshiba
43405,Manisha,SoftwareEngineer,SalesAndMarketing ,55,Asus
43406,Hethu,TechnicalSupport,IT,83,BizRuntime
43407,Nandini,WebDeveloper,AccountsAndFinance,35,Dell
43408,Hethu,TechnicalSupport,IT,83,BizRuntime
43409,Manisha,SoftwareEngineer,SalesAndMarketing ,55,Asus
43410,Deeksha,BusinessAnalyst,Infrastructures,65,Toshiba
43411,Deeksha,BusinessAnalyst,Infrastructures,75,Microsoft
43412,Lavanya,NetworkEngineer,HR,45,SAMSUNG
43413,Nandini,WebDeveloper,AccountsAndFinance,35,Dell
43414,Hethu,TechnicalSupport,IT,83,BizRuntime
43415,Deeksha,BusinessAnalyst,Infrastructures,75,Microsoft
43416,Deeksha,BusinessAnalyst,Infrastructures,65,Toshiba
43417,Lavanya,NetworkEngineer,HR,45,SAMSUNG
43418,Hethu,TechnicalSupport,IT,83,BizRuntime
43419,Nandini,WebDeveloper,AccountsAndFinance,35,Dell
43420,Hethu,TechnicalSupport,IT,83,BizRuntime
43421,Manisha,SoftwareEngineer,SalesAndMarketing ,55,Asus
43422,Lavanya,NetworkEngineer,HR,45,SAMSUNG
43423,Deeksha,BusinessAnalyst,Infrastructures,75,Microsoft
43424,Hethu,TechnicalSupport,IT,83,BizRuntime
43425,Nandini,WebDeveloper,AccountsAndFinance,35,Dell
43426,Hethu,TechnicalSupport,IT,83,BizRuntime
43427,Lavanya,NetworkEngineer,HR,45,SAMSUNG
43428,Deeksha,BusinessAnalyst,Infrastructures,65,Toshiba
43429,Manisha,SoftwareEngineer,SalesAndMarketing ,55,Asus
43430,Hethu,TechnicalSupport,IT,83,BizRuntime
43431,Nandini,WebDeveloper,AccountsAndFinance,35,Dell
43432,Lavanya,NetworkEngineer,HR,45,SAMSUNG
43433,Manisha,SoftwareEngineer,SalesAndMarketing ,55,Asus
43434,Deeksha,BusinessAnalyst,Infrastructures,65,Toshiba
43435,Deeksha,BusinessAnalyst,Infrastructures,75,Microsoft
43436,Hethu,TechnicalSupport,IT,83,BizRuntime
43437,Nandini,WebDeveloper,AccountsAndFinance,35,Dell
43438,Hethu,TechnicalSupport,IT,83,BizRuntime
43439,Deeksha,BusinessAnalyst,Infrastructures,75,Microsoft
43440,Deeksha,BusinessAnalyst,Infrastructures,65,Toshiba
43441,Manisha,SoftwareEngineer,SalesAndMarketing ,55,Asus
43442,Lavanya,NetworkEngineer,HR,45,SAMSUNG
43443,Nandini,WebDeveloper,AccountsAndFinance,35,Dell
43444,Hethu,TechnicalSupport,IT,83,BizRuntime
43445,Manisha,SoftwareEngineer,SalesAndMarketing ,55,Asus
43446,Deeksha,BusinessAnalyst,Infrastructures,65,Toshiba
43447,Lavanya,NetworkEngineer,HR,45,SAMSUNG
43448,Hethu,TechnicalSupport,IT,83,BizRuntime
43449,Nandini,WebDeveloper,AccountsAndFinance,35,Dell
43450,Hethu,TechnicalSupport,IT,83,BizRuntime
43451,Deeksha,BusinessAnalyst,Infrastructures,75,Microsoft
43452,Lavanya,NetworkEngineer,HR,45,SAMSUNG
43453,Manisha,SoftwareEngineer,SalesAndMarketing ,55,Asus
43454,Hethu,TechnicalSupport,IT,83,BizRuntime
43455,Nandini,WebDeveloper,AccountsAndFinance,35,Dell
43456,Hethu,TechnicalSupport,IT,83,BizRuntime
43457,Hethu,TechnicalSupport,IT,83,BizRuntime
43458,Deeksha,BusinessAnalyst,Infrastructures,75,Microsoft
43459,Deeksha,BusinessAnalyst,Infrastructures,65,Toshiba
43460,Manisha,SoftwareEngineer,SalesAndMarketing ,55,Asus
43461,Lavanya,NetworkEngineer,HR,45,SAMSUNG
43462,Nandini,WebDeveloper,AccountsAndFinance,35,Dell
43463,Hethu,TechnicalSupport,IT,83,BizRuntime
43464,Manisha,SoftwareEngineer,SalesAndMarketing ,55,Asus
43465,Deeksha,BusinessAnalyst,Infrastructures,65,Toshiba
43466,Lavanya,NetworkEngineer,HR,45,SAMSUNG
43467,Hethu,TechnicalSupport,IT,83,BizRuntime
43468,Nandini,WebDeveloper,AccountsAndFinance,35,Dell
43469,Hethu,TechnicalSupport,IT,83,BizRuntime
43470,Deeksha,BusinessAnalyst,Infrastructures,75,Microsoft
43471,Lavanya,NetworkEngineer,HR,45,SAMSUNG
43472,Manisha,SoftwareEngineer,SalesAndMarketing ,55,Asus
43473,Hethu,TechnicalSupport,IT,83,BizRuntime
43474,Nandini,WebDeveloper,AccountsAndFinance,35,Dell
43475,Hethu,TechnicalSupport,IT,83,BizRuntime
43476,Lavanya,NetworkEngineer,HR,45,SAMSUNG
43477,Deeksha,BusinessAnalyst,Infrastructures,65,Toshiba
43478,Deeksha,BusinessAnalyst,Infrastructures,75,Microsoft
43479,Hethu,TechnicalSupport,IT,83,BizRuntime
43480,Nandini,WebDeveloper,AccountsAndFinance,35,Dell
43481,Lavanya,NetworkEngineer,HR,45,SAMSUNG
43482,Deeksha,BusinessAnalyst,Infrastructures,75,Microsoft
43483,Deeksha,BusinessAnalyst,Infrastructures,65,Toshiba
43484,Manisha,SoftwareEngineer,SalesAndMarketing ,55,Asus
43485,Hethu,TechnicalSupport,IT,83,BizRuntime
43486,Nandini,WebDeveloper,AccountsAndFinance,35,Dell
43487,Hethu,TechnicalSupport,IT,83,BizRuntime
43488,Manisha,SoftwareEngineer,SalesAndMarketing ,55,Asus
43489,Deeksha,BusinessAnalyst,Infrastructures,65,Toshiba
43490,Deeksha,BusinessAnalyst,Infrastructures,75,Microsoft
43491,Lavanya,NetworkEngineer,HR,45,SAMSUNG
43492,Nandini,WebDeveloper,AccountsAndFinance,35,Dell
43493,Hethu,TechnicalSupport,IT,83,BizRuntime
43494,Deeksha,BusinessAnalyst,Infrastructures,75,Microsoft
43495,Deeksha,BusinessAnalyst,Infrastructures,65,Toshiba
43496,Lavanya,NetworkEngineer,HR,45,SAMSUNG
43497,Hethu,TechnicalSupport,IT,83,BizRuntime
43498,Nandini,WebDeveloper,AccountsAndFinance,35,Dell
43499,Hethu,TechnicalSupport,IT,83,BizRuntime
43500,Manisha,SoftwareEngineer,SalesAndMarketing ,55,Asus
43501,Lavanya,NetworkEngineer,HR,45,SAMSUNG
43502,Deeksha,BusinessAnalyst,Infrastructures,75,Microsoft
43503,Hethu,TechnicalSupport,IT,83,BizRuntime
43504,Nandini,WebDeveloper,AccountsAndFinance,35,Dell
43505,Hethu,TechnicalSupport,IT,83,BizRuntime
43506,Lavanya,NetworkEngineer,HR,45,SAMSUNG
43507,Deeksha,BusinessAnalyst,Infrastructures,65,Toshiba
43508,Manisha,SoftwareEngineer,SalesAndMarketing ,55,Asus
43509,Hethu,TechnicalSupport,IT,83,BizRuntime
43510,Nandini,WebDeveloper,AccountsAndFinance,35,Dell
43511,Lavanya,NetworkEngineer,HR,45,SAMSUNG
43512,Manisha,SoftwareEngineer,SalesAndMarketing ,55,Asus
43513,Deeksha,BusinessAnalyst,Infrastructures,65,Toshiba
43514,Deeksha,BusinessAnalyst,Infrastructures,75,Microsoft
43515,Hethu,TechnicalSupport,IT,83,BizRuntime
43516,Nandini,WebDeveloper,AccountsAndFinance,35,Dell
43517,Hethu,TechnicalSupport,IT,83,BizRuntime
43518,Deeksha,BusinessAnalyst,Infrastructures,75,Microsoft
43519,Deeksha,BusinessAnalyst,Infrastructures,65,Toshiba
43520,Manisha,SoftwareEngineer,SalesAndMarketing ,55,Asus
43521,Lavanya,NetworkEngineer,HR,45,SAMSUNG
43522,Nandini,WebDeveloper,AccountsAndFinance,35,Dell
43523,Hethu,TechnicalSupport,IT,83,BizRuntime
43524,Manisha,SoftwareEngineer,SalesAndMarketing ,55,Asus
43525,Deeksha,BusinessAnalyst,Infrastructures,65,Toshiba
43526,Lavanya,NetworkEngineer,HR,45,SAMSUNG
43527,Hethu,TechnicalSupport,IT,83,BizRuntime
43528,Nandini,WebDeveloper,AccountsAndFinance,35,Dell
43529,Hethu,TechnicalSupport,IT,83,BizRuntime
43530,Deeksha,BusinessAnalyst,Infrastructures,75,Microsoft
43531,Lavanya,NetworkEngineer,HR,45,SAMSUNG
43532,Manisha,SoftwareEngineer,SalesAndMarketing ,55,Asus
43533,Hethu,TechnicalSupport,IT,83,BizRuntime
43534,Nandini,WebDeveloper,AccountsAndFinance,35,Dell
43535,Hethu,TechnicalSupport,IT,83,BizRuntime
43536,Lavanya,NetworkEngineer,HR,45,SAMSUNG
43537,Deeksha,BusinessAnalyst,Infrastructures,65,Toshiba
43538,Deeksha,BusinessAnalyst,Infrastructures,75,Microsoft
43539,Hethu,TechnicalSupport,IT,83,BizRuntime
43540,Nandini,WebDeveloper,AccountsAndFinance,35,Dell
43541,Lavanya,NetworkEngineer,HR,45,SAMSUNG
43542,Deeksha,BusinessAnalyst,Infrastructures,75,Microsoft
43543,Deeksha,BusinessAnalyst,Infrastructures,65,Toshiba
43544,Manisha,SoftwareEngineer,SalesAndMarketing ,55,Asus
43545,Hethu,TechnicalSupport,IT,83,BizRuntime
43546,Nandini,WebDeveloper,AccountsAndFinance,35,Dell
43547,Hethu,TechnicalSupport,IT,83,BizRuntime
43548,Manisha,SoftwareEngineer,SalesAndMarketing ,55,Asus
43549,Deeksha,BusinessAnalyst,Infrastructures,65,Toshiba
43550,Deeksha,BusinessAnalyst,Infrastructures,75,Microsoft
43551,Lavanya,NetworkEngineer,HR,45,SAMSUNG
43552,Nandini,WebDeveloper,AccountsAndFinance,35,Dell
43553,Hethu,TechnicalSupport,IT,83,BizRuntime
43554,Deeksha,BusinessAnalyst,Infrastructures,75,Microsoft
43555,Deeksha,BusinessAnalyst,Infrastructures,65,Toshiba
43556,Lavanya,NetworkEngineer,HR,45,SAMSUNG
43557,Hethu,TechnicalSupport,IT,83,BizRuntime
43558,Nandini,WebDeveloper,AccountsAndFinance,35,Dell
43559,Hethu,TechnicalSupport,IT,83,BizRuntime
43560,Manisha,SoftwareEngineer,SalesAndMarketing ,55,Asus
43561,Lavanya,NetworkEngineer,HR,45,SAMSUNG
43562,Deeksha,BusinessAnalyst,Infrastructures,75,Microsoft
43563,Hethu,TechnicalSupport,IT,83,BizRuntime
43564,Nandini,WebDeveloper,AccountsAndFinance,35,Dell
43565,Hethu,TechnicalSupport,IT,83,BizRuntime
43566,Lavanya,NetworkEngineer,HR,45,SAMSUNG
43567,Deeksha,BusinessAnalyst,Infrastructures,65,Toshiba
43568,Manisha,SoftwareEngineer,SalesAndMarketing ,55,Asus
43569,Hethu,TechnicalSupport,IT,83,BizRuntime
43570,Nandini,WebDeveloper,AccountsAndFinance,35,Dell
43571,Lavanya,NetworkEngineer,HR,45,SAMSUNG
43572,Manisha,SoftwareEngineer,SalesAndMarketing ,55,Asus
43573,Deeksha,BusinessAnalyst,Infrastructures,65,Toshiba
43574,Deeksha,BusinessAnalyst,Infrastructures,75,Microsoft
43575,Hethu,TechnicalSupport,IT,83,BizRuntime
43576,Nandini,WebDeveloper,AccountsAndFinance,35,Dell
43577,Hethu,TechnicalSupport,IT,83,BizRuntime
43578,Deeksha,BusinessAnalyst,Infrastructures,75,Microsoft
43579,Deeksha,BusinessAnalyst,Infrastructures,65,Toshiba
43580,Manisha,SoftwareEngineer,SalesAndMarketing ,55,Asus
43581,Lavanya,NetworkEngineer,HR,45,SAMSUNG
43582,Nandini,WebDeveloper,AccountsAndFinance,35,Dell
43583,Hethu,TechnicalSupport,IT,83,BizRuntime
43584,Manisha,SoftwareEngineer,SalesAndMarketing ,55,Asus
43585,Deeksha,BusinessAnalyst,Infrastructures,65,Toshiba
43586,Lavanya,NetworkEngineer,HR,45,SAMSUNG
43587,Hethu,TechnicalSupport,IT,83,BizRuntime
43588,Nandini,WebDeveloper,AccountsAndFinance,35,Dell
43589,Hethu,TechnicalSupport,IT,83,BizRuntime
43590,Deeksha,BusinessAnalyst,Infrastructures,75,Microsoft
43591,Lavanya,NetworkEngineer,HR,45,SAMSUNG
43592,Manisha,SoftwareEngineer,SalesAndMarketing ,55,Asus
43593,Hethu,TechnicalSupport,IT,83,BizRuntime
43594,Nandini,WebDeveloper,AccountsAndFinance,35,Dell
43595,Hethu,TechnicalSupport,IT,83,BizRuntime
43596,Lavanya,NetworkEngineer,HR,45,SAMSUNG
43597,Deeksha,BusinessAnalyst,Infrastructures,65,Toshiba
43598,Deeksha,BusinessAnalyst,Infrastructures,75,Microsoft
43599,Hethu,TechnicalSupport,IT,83,BizRuntime
43600,Nandini,WebDeveloper,AccountsAndFinance,35,Dell
43601,Lavanya,NetworkEngineer,HR,45,SAMSUNG
43602,Deeksha,BusinessAnalyst,Infrastructures,75,Microsoft
43603,Deeksha,BusinessAnalyst,Infrastructures,65,Toshiba
43604,Manisha,SoftwareEngineer,SalesAndMarketing ,55,Asus
43605,Hethu,TechnicalSupport,IT,83,BizRuntime
43606,Nandini,WebDeveloper,AccountsAndFinance,35,Dell
43607,Hethu,TechnicalSupport,IT,83,BizRuntime
43608,Manisha,SoftwareEngineer,SalesAndMarketing ,55,Asus
43609,Deeksha,BusinessAnalyst,Infrastructures,65,Toshiba
43610,Deeksha,BusinessAnalyst,Infrastructures,75,Microsoft
43611,Lavanya,NetworkEngineer,HR,45,SAMSUNG
43612,Nandini,WebDeveloper,AccountsAndFinance,35,Dell
43613,Hethu,TechnicalSupport,IT,83,BizRuntime
43614,Deeksha,BusinessAnalyst,Infrastructures,75,Microsoft
43615,Deeksha,BusinessAnalyst,Infrastructures,65,Toshiba
43616,Lavanya,NetworkEngineer,HR,45,SAMSUNG
43617,Hethu,TechnicalSupport,IT,83,BizRuntime
43618,Nandini,WebDeveloper,AccountsAndFinance,35,Dell
43619,Hethu,TechnicalSupport,IT,83,BizRuntime
43620,Manisha,SoftwareEngineer,SalesAndMarketing ,55,Asus
43621,Lavanya,NetworkEngineer,HR,45,SAMSUNG
43622,Deeksha,BusinessAnalyst,Infrastructures,75,Microsoft
43623,Hethu,TechnicalSupport,IT,83,BizRuntime
43624,Nandini,WebDeveloper,AccountsAndFinance,35,Dell
43625,Hethu,TechnicalSupport,IT,83,BizRuntime
43626,Lavanya,NetworkEngineer,HR,45,SAMSUNG
43627,Deeksha,BusinessAnalyst,Infrastructures,65,Toshiba
43628,Manisha,SoftwareEngineer,SalesAndMarketing ,55,Asus
43629,Hethu,TechnicalSupport,IT,83,BizRuntime
43630,Nandini,WebDeveloper,AccountsAndFinance,35,Dell
43631,Lavanya,NetworkEngineer,HR,45,SAMSUNG
43632,Manisha,SoftwareEngineer,SalesAndMarketing ,55,Asus
43633,Deeksha,BusinessAnalyst,Infrastructures,65,Toshiba
43634,Deeksha,BusinessAnalyst,Infrastructures,75,Microsoft
43635,Hethu,TechnicalSupport,IT,83,BizRuntime
43636,Nandini,WebDeveloper,AccountsAndFinance,35,Dell
43637,Hethu,TechnicalSupport,IT,83,BizRuntime
43638,Deeksha,BusinessAnalyst,Infrastructures,75,Microsoft
43639,Deeksha,BusinessAnalyst,Infrastructures,65,Toshiba
43640,Manisha,SoftwareEngineer,SalesAndMarketing ,55,Asus
43641,Lavanya,NetworkEngineer,HR,45,SAMSUNG
43642,Nandini,WebDeveloper,AccountsAndFinance,35,Dell
43643,Hethu,TechnicalSupport,IT,83,BizRuntime
43644,Manisha,SoftwareEngineer,SalesAndMarketing ,55,Asus
43645,Deeksha,BusinessAnalyst,Infrastructures,65,Toshiba
43646,Lavanya,NetworkEngineer,HR,45,SAMSUNG
43647,Hethu,TechnicalSupport,IT,83,BizRuntime
43648,Nandini,WebDeveloper,AccountsAndFinance,35,Dell
43649,Hethu,TechnicalSupport,IT,83,BizRuntime
43650,Deeksha,BusinessAnalyst,Infrastructures,75,Microsoft
43651,Lavanya,NetworkEngineer,HR,45,SAMSUNG
43652,Manisha,SoftwareEngineer,SalesAndMarketing ,55,Asus
43653,Hethu,TechnicalSupport,IT,83,BizRuntime
43654,Nandini,WebDeveloper,AccountsAndFinance,35,Dell
43655,Hethu,TechnicalSupport,IT,83,BizRuntime
43656,Hethu,TechnicalSupport,IT,83,BizRuntime
43657,Deeksha,BusinessAnalyst,Infrastructures,75,Microsoft
43658,Deeksha,BusinessAnalyst,Infrastructures,65,Toshiba
43659,Manisha,SoftwareEngineer,SalesAndMarketing ,55,Asus
43660,Lavanya,NetworkEngineer,HR,45,SAMSUNG
43661,Nandini,WebDeveloper,AccountsAndFinance,35,Dell
43662,Hethu,TechnicalSupport,IT,83,BizRuntime
43663,Manisha,SoftwareEngineer,SalesAndMarketing ,55,Asus
43664,Deeksha,BusinessAnalyst,Infrastructures,65,Toshiba
43665,Lavanya,NetworkEngineer,HR,45,SAMSUNG
43666,Hethu,TechnicalSupport,IT,83,BizRuntime
43667,Nandini,WebDeveloper,AccountsAndFinance,35,Dell
43668,Hethu,TechnicalSupport,IT,83,BizRuntime
43669,Deeksha,BusinessAnalyst,Infrastructures,75,Microsoft
43670,Lavanya,NetworkEngineer,HR,45,SAMSUNG
43671,Manisha,SoftwareEngineer,SalesAndMarketing ,55,Asus
43672,Hethu,TechnicalSupport,IT,83,BizRuntime
43673,Nandini,WebDeveloper,AccountsAndFinance,35,Dell
43674,Hethu,TechnicalSupport,IT,83,BizRuntime
43675,Lavanya,NetworkEngineer,HR,45,SAMSUNG
43676,Deeksha,BusinessAnalyst,Infrastructures,65,Toshiba
43677,Deeksha,BusinessAnalyst,Infrastructures,75,Microsoft
43678,Hethu,TechnicalSupport,IT,83,BizRuntime
43679,Nandini,WebDeveloper,AccountsAndFinance,35,Dell
43680,Lavanya,NetworkEngineer,HR,45,SAMSUNG
43681,Deeksha,BusinessAnalyst,Infrastructures,75,Microsoft
43682,Deeksha,BusinessAnalyst,Infrastructures,65,Toshiba
43683,Manisha,SoftwareEngineer,SalesAndMarketing ,55,Asus
43684,Hethu,TechnicalSupport,IT,83,BizRuntime
43685,Nandini,WebDeveloper,AccountsAndFinance,35,Dell
43686,Hethu,TechnicalSupport,IT,83,BizRuntime
43687,Manisha,SoftwareEngineer,SalesAndMarketing ,55,Asus
43688,Deeksha,BusinessAnalyst,Infrastructures,65,Toshiba
43689,Deeksha,BusinessAnalyst,Infrastructures,75,Microsoft
43690,Lavanya,NetworkEngineer,HR,45,SAMSUNG
43691,Nandini,WebDeveloper,AccountsAndFinance,35,Dell
43692,Hethu,TechnicalSupport,IT,83,BizRuntime
43693,Deeksha,BusinessAnalyst,Infrastructures,75,Microsoft
43694,Deeksha,BusinessAnalyst,Infrastructures,65,Toshiba
43695,Lavanya,NetworkEngineer,HR,45,SAMSUNG
43696,Hethu,TechnicalSupport,IT,83,BizRuntime
43697,Nandini,WebDeveloper,AccountsAndFinance,35,Dell
43698,Hethu,TechnicalSupport,IT,83,BizRuntime
43699,Manisha,SoftwareEngineer,SalesAndMarketing ,55,Asus
43700,Lavanya,NetworkEngineer,HR,45,SAMSUNG
43701,Deeksha,BusinessAnalyst,Infrastructures,75,Microsoft
43702,Hethu,TechnicalSupport,IT,83,BizRuntime
43703,Nandini,WebDeveloper,AccountsAndFinance,35,Dell
43704,Hethu,TechnicalSupport,IT,83,BizRuntime
43705,Lavanya,NetworkEngineer,HR,45,SAMSUNG
43706,Deeksha,BusinessAnalyst,Infrastructures,65,Toshiba
43707,Manisha,SoftwareEngineer,SalesAndMarketing ,55,Asus
43708,Hethu,TechnicalSupport,IT,83,BizRuntime
43709,Nandini,WebDeveloper,AccountsAndFinance,35,Dell
43710,Lavanya,NetworkEngineer,HR,45,SAMSUNG
43711,Manisha,SoftwareEngineer,SalesAndMarketing ,55,Asus
43712,Deeksha,BusinessAnalyst,Infrastructures,65,Toshiba
43713,Deeksha,BusinessAnalyst,Infrastructures,75,Microsoft
43714,Hethu,TechnicalSupport,IT,83,BizRuntime
43715,Nandini,WebDeveloper,AccountsAndFinance,35,Dell
43716,Hethu,TechnicalSupport,IT,83,BizRuntime
43717,Deeksha,BusinessAnalyst,Infrastructures,75,Microsoft
43718,Deeksha,BusinessAnalyst,Infrastructures,65,Toshiba
43719,Manisha,SoftwareEngineer,SalesAndMarketing ,55,Asus
43720,Lavanya,NetworkEngineer,HR,45,SAMSUNG
43721,Nandini,WebDeveloper,AccountsAndFinance,35,Dell
43722,Hethu,TechnicalSupport,IT,83,BizRuntime
43723,Manisha,SoftwareEngineer,SalesAndMarketing ,55,Asus
43724,Deeksha,BusinessAnalyst,Infrastructures,65,Toshiba
43725,Lavanya,NetworkEngineer,HR,45,SAMSUNG
43726,Hethu,TechnicalSupport,IT,83,BizRuntime
43727,Nandini,WebDeveloper,AccountsAndFinance,35,Dell
43728,Hethu,TechnicalSupport,IT,83,BizRuntime
43729,Deeksha,BusinessAnalyst,Infrastructures,75,Microsoft
43730,Lavanya,NetworkEngineer,HR,45,SAMSUNG
43731,Manisha,SoftwareEngineer,SalesAndMarketing ,55,Asus
43732,Hethu,TechnicalSupport,IT,83,BizRuntime
43733,Nandini,WebDeveloper,AccountsAndFinance,35,Dell
43734,Hethu,TechnicalSupport,IT,83,BizRuntime
43735,Lavanya,NetworkEngineer,HR,45,SAMSUNG
43736,Deeksha,BusinessAnalyst,Infrastructures,65,Toshiba
43737,Deeksha,BusinessAnalyst,Infrastructures,75,Microsoft
43738,Hethu,TechnicalSupport,IT,83,BizRuntime
43739,Nandini,WebDeveloper,AccountsAndFinance,35,Dell
43740,Lavanya,NetworkEngineer,HR,45,SAMSUNG
43741,Deeksha,BusinessAnalyst,Infrastructures,75,Microsoft
43742,Deeksha,BusinessAnalyst,Infrastructures,65,Toshiba
43743,Manisha,SoftwareEngineer,SalesAndMarketing ,55,Asus
43744,Hethu,TechnicalSupport,IT,83,BizRuntime
43745,Nandini,WebDeveloper,AccountsAndFinance,35,Dell
43746,Hethu,TechnicalSupport,IT,83,BizRuntime
43747,Manisha,SoftwareEngineer,SalesAndMarketing ,55,Asus
43748,Deeksha,BusinessAnalyst,Infrastructures,65,Toshiba
43749,Deeksha,BusinessAnalyst,Infrastructures,75,Microsoft
43750,Lavanya,NetworkEngineer,HR,45,SAMSUNG
43751,Nandini,WebDeveloper,AccountsAndFinance,35,Dell
43752,Hethu,TechnicalSupport,IT,83,BizRuntime
43753,Deeksha,BusinessAnalyst,Infrastructures,75,Microsoft
43754,Deeksha,BusinessAnalyst,Infrastructures,65,Toshiba
43755,Lavanya,NetworkEngineer,HR,45,SAMSUNG
43756,Hethu,TechnicalSupport,IT,83,BizRuntime
43757,Nandini,WebDeveloper,AccountsAndFinance,35,Dell
43758,Hethu,TechnicalSupport,IT,83,BizRuntime
43759,Manisha,SoftwareEngineer,SalesAndMarketing ,55,Asus
43760,Lavanya,NetworkEngineer,HR,45,SAMSUNG
43761,Deeksha,BusinessAnalyst,Infrastructures,75,Microsoft
43762,Hethu,TechnicalSupport,IT,83,BizRuntime
43763,Nandini,WebDeveloper,AccountsAndFinance,35,Dell
43764,Hethu,TechnicalSupport,IT,83,BizRuntime
43765,Lavanya,NetworkEngineer,HR,45,SAMSUNG
43766,Deeksha,BusinessAnalyst,Infrastructures,65,Toshiba
43767,Manisha,SoftwareEngineer,SalesAndMarketing ,55,Asus
43768,Hethu,TechnicalSupport,IT,83,BizRuntime
43769,Nandini,WebDeveloper,AccountsAndFinance,35,Dell
43770,Lavanya,NetworkEngineer,HR,45,SAMSUNG
43771,Manisha,SoftwareEngineer,SalesAndMarketing ,55,Asus
43772,Deeksha,BusinessAnalyst,Infrastructures,65,Toshiba
43773,Deeksha,BusinessAnalyst,Infrastructures,75,Microsoft
43774,Hethu,TechnicalSupport,IT,83,BizRuntime
43775,Nandini,WebDeveloper,AccountsAndFinance,35,Dell
43776,Hethu,TechnicalSupport,IT,83,BizRuntime
43777,Deeksha,BusinessAnalyst,Infrastructures,75,Microsoft
43778,Deeksha,BusinessAnalyst,Infrastructures,65,Toshiba
43779,Manisha,SoftwareEngineer,SalesAndMarketing ,55,Asus
43780,Lavanya,NetworkEngineer,HR,45,SAMSUNG
43781,Nandini,WebDeveloper,AccountsAndFinance,35,Dell
43782,Hethu,TechnicalSupport,IT,83,BizRuntime
43783,Manisha,SoftwareEngineer,SalesAndMarketing ,55,Asus
43784,Deeksha,BusinessAnalyst,Infrastructures,65,Toshiba
43785,Lavanya,NetworkEngineer,HR,45,SAMSUNG
43786,Hethu,TechnicalSupport,IT,83,BizRuntime
43787,Nandini,WebDeveloper,AccountsAndFinance,35,Dell
43788,Hethu,TechnicalSupport,IT,83,BizRuntime
43789,Deeksha,BusinessAnalyst,Infrastructures,75,Microsoft
43790,Lavanya,NetworkEngineer,HR,45,SAMSUNG
43791,Manisha,SoftwareEngineer,SalesAndMarketing ,55,Asus
43792,Hethu,TechnicalSupport,IT,83,BizRuntime
43793,Nandini,WebDeveloper,AccountsAndFinance,35,Dell
43794,Hethu,TechnicalSupport,IT,83,BizRuntime
43795,Lavanya,NetworkEngineer,HR,45,SAMSUNG
43796,Deeksha,BusinessAnalyst,Infrastructures,65,Toshiba
43797,Deeksha,BusinessAnalyst,Infrastructures,75,Microsoft
43798,Hethu,TechnicalSupport,IT,83,BizRuntime
43799,Nandini,WebDeveloper,AccountsAndFinance,35,Dell
43800,Lavanya,NetworkEngineer,HR,45,SAMSUNG
43801,Deeksha,BusinessAnalyst,Infrastructures,75,Microsoft
43802,Deeksha,BusinessAnalyst,Infrastructures,65,Toshiba
43803,Manisha,SoftwareEngineer,SalesAndMarketing ,55,Asus
43804,Hethu,TechnicalSupport,IT,83,BizRuntime
43805,Nandini,WebDeveloper,AccountsAndFinance,35,Dell
43806,Hethu,TechnicalSupport,IT,83,BizRuntime
43807,Manisha,SoftwareEngineer,SalesAndMarketing ,55,Asus
43808,Deeksha,BusinessAnalyst,Infrastructures,65,Toshiba
43809,Deeksha,BusinessAnalyst,Infrastructures,75,Microsoft
43810,Lavanya,NetworkEngineer,HR,45,SAMSUNG
43811,Nandini,WebDeveloper,AccountsAndFinance,35,Dell
43812,Hethu,TechnicalSupport,IT,83,BizRuntime
43813,Deeksha,BusinessAnalyst,Infrastructures,75,Microsoft
43814,Deeksha,BusinessAnalyst,Infrastructures,65,Toshiba
43815,Lavanya,NetworkEngineer,HR,45,SAMSUNG
43816,Hethu,TechnicalSupport,IT,83,BizRuntime
43817,Nandini,WebDeveloper,AccountsAndFinance,35,Dell
43818,Hethu,TechnicalSupport,IT,83,BizRuntime
43819,Manisha,SoftwareEngineer,SalesAndMarketing ,55,Asus
43820,Lavanya,NetworkEngineer,HR,45,SAMSUNG
43821,Deeksha,BusinessAnalyst,Infrastructures,75,Microsoft
43822,Hethu,TechnicalSupport,IT,83,BizRuntime
43823,Nandini,WebDeveloper,AccountsAndFinance,35,Dell
43824,Hethu,TechnicalSupport,IT,83,BizRuntime
43825,Lavanya,NetworkEngineer,HR,45,SAMSUNG
43826,Deeksha,BusinessAnalyst,Infrastructures,65,Toshiba
43827,Manisha,SoftwareEngineer,SalesAndMarketing ,55,Asus
43828,Hethu,TechnicalSupport,IT,83,BizRuntime
43829,Nandini,WebDeveloper,AccountsAndFinance,35,Dell
43830,Lavanya,NetworkEngineer,HR,45,SAMSUNG
43831,Manisha,SoftwareEngineer,SalesAndMarketing ,55,Asus
43832,Deeksha,BusinessAnalyst,Infrastructures,65,Toshiba
43833,Deeksha,BusinessAnalyst,Infrastructures,75,Microsoft
43834,Hethu,TechnicalSupport,IT,83,BizRuntime
43835,Nandini,WebDeveloper,AccountsAndFinance,35,Dell
43836,Hethu,TechnicalSupport,IT,83,BizRuntime
43837,Deeksha,BusinessAnalyst,Infrastructures,75,Microsoft
43838,Deeksha,BusinessAnalyst,Infrastructures,65,Toshiba
43839,Manisha,SoftwareEngineer,SalesAndMarketing ,55,Asus
43840,Lavanya,NetworkEngineer,HR,45,SAMSUNG
43841,Nandini,WebDeveloper,AccountsAndFinance,35,Dell
43842,Hethu,TechnicalSupport,IT,83,BizRuntime
43843,Manisha,SoftwareEngineer,SalesAndMarketing ,55,Asus
43844,Deeksha,BusinessAnalyst,Infrastructures,65,Toshiba
43845,Lavanya,NetworkEngineer,HR,45,SAMSUNG
43846,Hethu,TechnicalSupport,IT,83,BizRuntime
43847,Nandini,WebDeveloper,AccountsAndFinance,35,Dell
43848,Hethu,TechnicalSupport,IT,83,BizRuntime
43849,Deeksha,BusinessAnalyst,Infrastructures,75,Microsoft
43850,Lavanya,NetworkEngineer,HR,45,SAMSUNG
43851,Manisha,SoftwareEngineer,SalesAndMarketing ,55,Asus
43852,Hethu,TechnicalSupport,IT,83,BizRuntime
43853,Nandini,WebDeveloper,AccountsAndFinance,35,Dell
43854,Hethu,TechnicalSupport,IT,83,BizRuntime
43855,Hethu,TechnicalSupport,IT,83,BizRuntime
43856,Deeksha,BusinessAnalyst,Infrastructures,75,Microsoft
43857,Deeksha,BusinessAnalyst,Infrastructures,65,Toshiba
43858,Manisha,SoftwareEngineer,SalesAndMarketing ,55,Asus
43859,Lavanya,NetworkEngineer,HR,45,SAMSUNG
43860,Nandini,WebDeveloper,AccountsAndFinance,35,Dell
43861,Hethu,TechnicalSupport,IT,83,BizRuntime
43862,Manisha,SoftwareEngineer,SalesAndMarketing ,55,Asus
43863,Deeksha,BusinessAnalyst,Infrastructures,65,Toshiba
43864,Lavanya,NetworkEngineer,HR,45,SAMSUNG
43865,Hethu,TechnicalSupport,IT,83,BizRuntime
43866,Nandini,WebDeveloper,AccountsAndFinance,35,Dell
43867,Hethu,TechnicalSupport,IT,83,BizRuntime
43868,Deeksha,BusinessAnalyst,Infrastructures,75,Microsoft
43869,Lavanya,NetworkEngineer,HR,45,SAMSUNG
43870,Manisha,SoftwareEngineer,SalesAndMarketing ,55,Asus
43871,Hethu,TechnicalSupport,IT,83,BizRuntime
43872,Nandini,WebDeveloper,AccountsAndFinance,35,Dell
43873,Hethu,TechnicalSupport,IT,83,BizRuntime
43874,Lavanya,NetworkEngineer,HR,45,SAMSUNG
43875,Deeksha,BusinessAnalyst,Infrastructures,65,Toshiba
43876,Deeksha,BusinessAnalyst,Infrastructures,75,Microsoft
43877,Hethu,TechnicalSupport,IT,83,BizRuntime
43878,Nandini,WebDeveloper,AccountsAndFinance,35,Dell
43879,Lavanya,NetworkEngineer,HR,45,SAMSUNG
43880,Deeksha,BusinessAnalyst,Infrastructures,75,Microsoft
43881,Deeksha,BusinessAnalyst,Infrastructures,65,Toshiba
43882,Manisha,SoftwareEngineer,SalesAndMarketing ,55,Asus
43883,Hethu,TechnicalSupport,IT,83,BizRuntime
43884,Nandini,WebDeveloper,AccountsAndFinance,35,Dell
43885,Hethu,TechnicalSupport,IT,83,BizRuntime
43886,Manisha,SoftwareEngineer,SalesAndMarketing ,55,Asus
43887,Deeksha,BusinessAnalyst,Infrastructures,65,Toshiba
43888,Deeksha,BusinessAnalyst,Infrastructures,75,Microsoft
43889,Lavanya,NetworkEngineer,HR,45,SAMSUNG
43890,Nandini,WebDeveloper,AccountsAndFinance,35,Dell
43891,Hethu,TechnicalSupport,IT,83,BizRuntime
43892,Deeksha,BusinessAnalyst,Infrastructures,75,Microsoft
43893,Deeksha,BusinessAnalyst,Infrastructures,65,Toshiba
43894,Lavanya,NetworkEngineer,HR,45,SAMSUNG
43895,Hethu,TechnicalSupport,IT,83,BizRuntime
43896,Nandini,WebDeveloper,AccountsAndFinance,35,Dell
43897,Hethu,TechnicalSupport,IT,83,BizRuntime
43898,Manisha,SoftwareEngineer,SalesAndMarketing ,55,Asus
43899,Lavanya,NetworkEngineer,HR,45,SAMSUNG
43900,Deeksha,BusinessAnalyst,Infrastructures,75,Microsoft
43901,Hethu,TechnicalSupport,IT,83,BizRuntime
43902,Nandini,WebDeveloper,AccountsAndFinance,35,Dell
43903,Hethu,TechnicalSupport,IT,83,BizRuntime
43904,Lavanya,NetworkEngineer,HR,45,SAMSUNG
43905,Deeksha,BusinessAnalyst,Infrastructures,65,Toshiba
43906,Manisha,SoftwareEngineer,SalesAndMarketing ,55,Asus
43907,Hethu,TechnicalSupport,IT,83,BizRuntime
43908,Nandini,WebDeveloper,AccountsAndFinance,35,Dell
43909,Lavanya,NetworkEngineer,HR,45,SAMSUNG
43910,Manisha,SoftwareEngineer,SalesAndMarketing ,55,Asus
43911,Deeksha,BusinessAnalyst,Infrastructures,65,Toshiba
43912,Deeksha,BusinessAnalyst,Infrastructures,75,Microsoft
43913,Hethu,TechnicalSupport,IT,83,BizRuntime
43914,Nandini,WebDeveloper,AccountsAndFinance,35,Dell
43915,Hethu,TechnicalSupport,IT,83,BizRuntime
43916,Deeksha,BusinessAnalyst,Infrastructures,75,Microsoft
43917,Deeksha,BusinessAnalyst,Infrastructures,65,Toshiba
43918,Manisha,SoftwareEngineer,SalesAndMarketing ,55,Asus
43919,Lavanya,NetworkEngineer,HR,45,SAMSUNG
43920,Nandini,WebDeveloper,AccountsAndFinance,35,Dell
43921,Hethu,TechnicalSupport,IT,83,BizRuntime
43922,Manisha,SoftwareEngineer,SalesAndMarketing ,55,Asus
43923,Deeksha,BusinessAnalyst,Infrastructures,65,Toshiba
43924,Lavanya,NetworkEngineer,HR,45,SAMSUNG
43925,Hethu,TechnicalSupport,IT,83,BizRuntime
43926,Nandini,WebDeveloper,AccountsAndFinance,35,Dell
43927,Hethu,TechnicalSupport,IT,83,BizRuntime
43928,Deeksha,BusinessAnalyst,Infrastructures,75,Microsoft
43929,Lavanya,NetworkEngineer,HR,45,SAMSUNG
43930,Manisha,SoftwareEngineer,SalesAndMarketing ,55,Asus
43931,Hethu,TechnicalSupport,IT,83,BizRuntime
43932,Nandini,WebDeveloper,AccountsAndFinance,35,Dell
43933,Hethu,TechnicalSupport,IT,83,BizRuntime
43934,Lavanya,NetworkEngineer,HR,45,SAMSUNG
43935,Deeksha,BusinessAnalyst,Infrastructures,65,Toshiba
43936,Deeksha,BusinessAnalyst,Infrastructures,75,Microsoft
43937,Hethu,TechnicalSupport,IT,83,BizRuntime
43938,Nandini,WebDeveloper,AccountsAndFinance,35,Dell
43939,Lavanya,NetworkEngineer,HR,45,SAMSUNG
43940,Deeksha,BusinessAnalyst,Infrastructures,75,Microsoft
43941,Deeksha,BusinessAnalyst,Infrastructures,65,Toshiba
43942,Manisha,SoftwareEngineer,SalesAndMarketing ,55,Asus
43943,Hethu,TechnicalSupport,IT,83,BizRuntime
43944,Nandini,WebDeveloper,AccountsAndFinance,35,Dell
43945,Hethu,TechnicalSupport,IT,83,BizRuntime
43946,Manisha,SoftwareEngineer,SalesAndMarketing ,55,Asus
43947,Deeksha,BusinessAnalyst,Infrastructures,65,Toshiba
43948,Deeksha,BusinessAnalyst,Infrastructures,75,Microsoft
43949,Lavanya,NetworkEngineer,HR,45,SAMSUNG
43950,Nandini,WebDeveloper,AccountsAndFinance,35,Dell
43951,Hethu,TechnicalSupport,IT,83,BizRuntime
43952,Deeksha,BusinessAnalyst,Infrastructures,75,Microsoft
43953,Deeksha,BusinessAnalyst,Infrastructures,65,Toshiba
43954,Lavanya,NetworkEngineer,HR,45,SAMSUNG
43955,Hethu,TechnicalSupport,IT,83,BizRuntime
43956,Nandini,WebDeveloper,AccountsAndFinance,35,Dell
43957,Hethu,TechnicalSupport,IT,83,BizRuntime
43958,Manisha,SoftwareEngineer,SalesAndMarketing ,55,Asus
43959,Lavanya,NetworkEngineer,HR,45,SAMSUNG
43960,Deeksha,BusinessAnalyst,Infrastructures,75,Microsoft
43961,Hethu,TechnicalSupport,IT,83,BizRuntime
43962,Nandini,WebDeveloper,AccountsAndFinance,35,Dell
43963,Hethu,TechnicalSupport,IT,83,BizRuntime
43964,Lavanya,NetworkEngineer,HR,45,SAMSUNG
43965,Deeksha,BusinessAnalyst,Infrastructures,65,Toshiba
43966,Manisha,SoftwareEngineer,SalesAndMarketing ,55,Asus
43967,Hethu,TechnicalSupport,IT,83,BizRuntime
43968,Nandini,WebDeveloper,AccountsAndFinance,35,Dell
43969,Lavanya,NetworkEngineer,HR,45,SAMSUNG
43970,Manisha,SoftwareEngineer,SalesAndMarketing ,55,Asus
43971,Deeksha,BusinessAnalyst,Infrastructures,65,Toshiba
43972,Deeksha,BusinessAnalyst,Infrastructures,75,Microsoft
43973,Hethu,TechnicalSupport,IT,83,BizRuntime
43974,Nandini,WebDeveloper,AccountsAndFinance,35,Dell
43975,Hethu,TechnicalSupport,IT,83,BizRuntime
43976,Deeksha,BusinessAnalyst,Infrastructures,75,Microsoft
43977,Deeksha,BusinessAnalyst,Infrastructures,65,Toshiba
43978,Manisha,SoftwareEngineer,SalesAndMarketing ,55,Asus
43979,Lavanya,NetworkEngineer,HR,45,SAMSUNG
43980,Nandini,WebDeveloper,AccountsAndFinance,35,Dell
43981,Hethu,TechnicalSupport,IT,83,BizRuntime
43982,Manisha,SoftwareEngineer,SalesAndMarketing ,55,Asus
43983,Deeksha,BusinessAnalyst,Infrastructures,65,Toshiba
43984,Lavanya,NetworkEngineer,HR,45,SAMSUNG
43985,Hethu,TechnicalSupport,IT,83,BizRuntime
43986,Nandini,WebDeveloper,AccountsAndFinance,35,Dell
43987,Hethu,TechnicalSupport,IT,83,BizRuntime
43988,Deeksha,BusinessAnalyst,Infrastructures,75,Microsoft
43989,Lavanya,NetworkEngineer,HR,45,SAMSUNG
43990,Manisha,SoftwareEngineer,SalesAndMarketing ,55,Asus
43991,Hethu,TechnicalSupport,IT,83,BizRuntime
43992,Nandini,WebDeveloper,AccountsAndFinance,35,Dell
43993,Hethu,TechnicalSupport,IT,83,BizRuntime
43994,Lavanya,NetworkEngineer,HR,45,SAMSUNG
43995,Deeksha,BusinessAnalyst,Infrastructures,65,Toshiba
43996,Deeksha,BusinessAnalyst,Infrastructures,75,Microsoft
43997,Hethu,TechnicalSupport,IT,83,BizRuntime
43998,Nandini,WebDeveloper,AccountsAndFinance,35,Dell
43999,Lavanya,NetworkEngineer,HR,45,SAMSUNG
44000,Deeksha,BusinessAnalyst,Infrastructures,75,Microsoft
44001,Deeksha,BusinessAnalyst,Infrastructures,65,Toshiba
44002,Manisha,SoftwareEngineer,SalesAndMarketing ,55,Asus
44003,Hethu,TechnicalSupport,IT,83,BizRuntime
44004,Nandini,WebDeveloper,AccountsAndFinance,35,Dell
44005,Hethu,TechnicalSupport,IT,83,BizRuntime
44006,Manisha,SoftwareEngineer,SalesAndMarketing ,55,Asus
44007,Deeksha,BusinessAnalyst,Infrastructures,65,Toshiba
44008,Deeksha,BusinessAnalyst,Infrastructures,75,Microsoft
44009,Lavanya,NetworkEngineer,HR,45,SAMSUNG
44010,Nandini,WebDeveloper,AccountsAndFinance,35,Dell
44011,Hethu,TechnicalSupport,IT,83,BizRuntime
44012,Deeksha,BusinessAnalyst,Infrastructures,75,Microsoft
44013,Deeksha,BusinessAnalyst,Infrastructures,65,Toshiba
44014,Lavanya,NetworkEngineer,HR,45,SAMSUNG
44015,Hethu,TechnicalSupport,IT,83,BizRuntime
44016,Nandini,WebDeveloper,AccountsAndFinance,35,Dell
44017,Hethu,TechnicalSupport,IT,83,BizRuntime
44018,Manisha,SoftwareEngineer,SalesAndMarketing ,55,Asus
44019,Lavanya,NetworkEngineer,HR,45,SAMSUNG
44020,Deeksha,BusinessAnalyst,Infrastructures,75,Microsoft
44021,Hethu,TechnicalSupport,IT,83,BizRuntime
44022,Nandini,WebDeveloper,AccountsAndFinance,35,Dell
44023,Hethu,TechnicalSupport,IT,83,BizRuntime
44024,Lavanya,NetworkEngineer,HR,45,SAMSUNG
44025,Deeksha,BusinessAnalyst,Infrastructures,65,Toshiba
44026,Manisha,SoftwareEngineer,SalesAndMarketing ,55,Asus
44027,Hethu,TechnicalSupport,IT,83,BizRuntime
44028,Nandini,WebDeveloper,AccountsAndFinance,35,Dell
44029,Lavanya,NetworkEngineer,HR,45,SAMSUNG
44030,Manisha,SoftwareEngineer,SalesAndMarketing ,55,Asus
44031,Deeksha,BusinessAnalyst,Infrastructures,65,Toshiba
44032,Deeksha,BusinessAnalyst,Infrastructures,75,Microsoft
44033,Hethu,TechnicalSupport,IT,83,BizRuntime
44034,Nandini,WebDeveloper,AccountsAndFinance,35,Dell
44035,Hethu,TechnicalSupport,IT,83,BizRuntime
44036,Deeksha,BusinessAnalyst,Infrastructures,75,Microsoft
44037,Deeksha,BusinessAnalyst,Infrastructures,65,Toshiba
44038,Manisha,SoftwareEngineer,SalesAndMarketing ,55,Asus
44039,Lavanya,NetworkEngineer,HR,45,SAMSUNG
44040,Nandini,WebDeveloper,AccountsAndFinance,35,Dell
44041,Hethu,TechnicalSupport,IT,83,BizRuntime
44042,Manisha,SoftwareEngineer,SalesAndMarketing ,55,Asus
44043,Deeksha,BusinessAnalyst,Infrastructures,65,Toshiba
44044,Lavanya,NetworkEngineer,HR,45,SAMSUNG
44045,Hethu,TechnicalSupport,IT,83,BizRuntime
44046,Nandini,WebDeveloper,AccountsAndFinance,35,Dell
44047,Hethu,TechnicalSupport,IT,83,BizRuntime
44048,Deeksha,BusinessAnalyst,Infrastructures,75,Microsoft
44049,Lavanya,NetworkEngineer,HR,45,SAMSUNG
44050,Manisha,SoftwareEngineer,SalesAndMarketing ,55,Asus
44051,Hethu,TechnicalSupport,IT,83,BizRuntime
44052,Nandini,WebDeveloper,AccountsAndFinance,35,Dell
44053,Hethu,TechnicalSupport,IT,83,BizRuntime
44054,Hethu,TechnicalSupport,IT,83,BizRuntime
44055,Deeksha,BusinessAnalyst,Infrastructures,75,Microsoft
44056,Deeksha,BusinessAnalyst,Infrastructures,65,Toshiba
44057,Manisha,SoftwareEngineer,SalesAndMarketing ,55,Asus
44058,Lavanya,NetworkEngineer,HR,45,SAMSUNG
44059,Nandini,WebDeveloper,AccountsAndFinance,35,Dell
44060,Hethu,TechnicalSupport,IT,83,BizRuntime
44061,Manisha,SoftwareEngineer,SalesAndMarketing ,55,Asus
44062,Deeksha,BusinessAnalyst,Infrastructures,65,Toshiba
44063,Lavanya,NetworkEngineer,HR,45,SAMSUNG
44064,Hethu,TechnicalSupport,IT,83,BizRuntime
44065,Nandini,WebDeveloper,AccountsAndFinance,35,Dell
44066,Hethu,TechnicalSupport,IT,83,BizRuntime
44067,Deeksha,BusinessAnalyst,Infrastructures,75,Microsoft
44068,Lavanya,NetworkEngineer,HR,45,SAMSUNG
44069,Manisha,SoftwareEngineer,SalesAndMarketing ,55,Asus
44070,Hethu,TechnicalSupport,IT,83,BizRuntime
44071,Nandini,WebDeveloper,AccountsAndFinance,35,Dell
44072,Hethu,TechnicalSupport,IT,83,BizRuntime
44073,Lavanya,NetworkEngineer,HR,45,SAMSUNG
44074,Deeksha,BusinessAnalyst,Infrastructures,65,Toshiba
44075,Deeksha,BusinessAnalyst,Infrastructures,75,Microsoft
44076,Hethu,TechnicalSupport,IT,83,BizRuntime
44077,Nandini,WebDeveloper,AccountsAndFinance,35,Dell
44078,Lavanya,NetworkEngineer,HR,45,SAMSUNG
44079,Deeksha,BusinessAnalyst,Infrastructures,75,Microsoft
44080,Deeksha,BusinessAnalyst,Infrastructures,65,Toshiba
44081,Manisha,SoftwareEngineer,SalesAndMarketing ,55,Asus
44082,Hethu,TechnicalSupport,IT,83,BizRuntime
44083,Nandini,WebDeveloper,AccountsAndFinance,35,Dell
44084,Hethu,TechnicalSupport,IT,83,BizRuntime
44085,Manisha,SoftwareEngineer,SalesAndMarketing ,55,Asus
44086,Deeksha,BusinessAnalyst,Infrastructures,65,Toshiba
44087,Deeksha,BusinessAnalyst,Infrastructures,75,Microsoft
44088,Lavanya,NetworkEngineer,HR,45,SAMSUNG
44089,Nandini,WebDeveloper,AccountsAndFinance,35,Dell
44090,Hethu,TechnicalSupport,IT,83,BizRuntime
44091,Deeksha,BusinessAnalyst,Infrastructures,75,Microsoft
44092,Deeksha,BusinessAnalyst,Infrastructures,65,Toshiba
44093,Lavanya,NetworkEngineer,HR,45,SAMSUNG
44094,Hethu,TechnicalSupport,IT,83,BizRuntime
44095,Nandini,WebDeveloper,AccountsAndFinance,35,Dell
44096,Hethu,TechnicalSupport,IT,83,BizRuntime
44097,Manisha,SoftwareEngineer,SalesAndMarketing ,55,Asus
44098,Lavanya,NetworkEngineer,HR,45,SAMSUNG
44099,Deeksha,BusinessAnalyst,Infrastructures,75,Microsoft
44100,Hethu,TechnicalSupport,IT,83,BizRuntime
44101,Nandini,WebDeveloper,AccountsAndFinance,35,Dell
44102,Hethu,TechnicalSupport,IT,83,BizRuntime
44103,Lavanya,NetworkEngineer,HR,45,SAMSUNG
44104,Deeksha,BusinessAnalyst,Infrastructures,65,Toshiba
44105,Manisha,SoftwareEngineer,SalesAndMarketing ,55,Asus
44106,Hethu,TechnicalSupport,IT,83,BizRuntime
44107,Nandini,WebDeveloper,AccountsAndFinance,35,Dell
44108,Lavanya,NetworkEngineer,HR,45,SAMSUNG
44109,Manisha,SoftwareEngineer,SalesAndMarketing ,55,Asus
44110,Deeksha,BusinessAnalyst,Infrastructures,65,Toshiba
44111,Deeksha,BusinessAnalyst,Infrastructures,75,Microsoft
44112,Hethu,TechnicalSupport,IT,83,BizRuntime
44113,Nandini,WebDeveloper,AccountsAndFinance,35,Dell
44114,Hethu,TechnicalSupport,IT,83,BizRuntime
44115,Deeksha,BusinessAnalyst,Infrastructures,75,Microsoft
44116,Deeksha,BusinessAnalyst,Infrastructures,65,Toshiba
44117,Manisha,SoftwareEngineer,SalesAndMarketing ,55,Asus
44118,Lavanya,NetworkEngineer,HR,45,SAMSUNG
44119,Nandini,WebDeveloper,AccountsAndFinance,35,Dell
44120,Hethu,TechnicalSupport,IT,83,BizRuntime
44121,Manisha,SoftwareEngineer,SalesAndMarketing ,55,Asus
44122,Deeksha,BusinessAnalyst,Infrastructures,65,Toshiba
44123,Lavanya,NetworkEngineer,HR,45,SAMSUNG
44124,Hethu,TechnicalSupport,IT,83,BizRuntime
44125,Nandini,WebDeveloper,AccountsAndFinance,35,Dell
44126,Hethu,TechnicalSupport,IT,83,BizRuntime
44127,Deeksha,BusinessAnalyst,Infrastructures,75,Microsoft
44128,Lavanya,NetworkEngineer,HR,45,SAMSUNG
44129,Manisha,SoftwareEngineer,SalesAndMarketing ,55,Asus
44130,Hethu,TechnicalSupport,IT,83,BizRuntime
44131,Nandini,WebDeveloper,AccountsAndFinance,35,Dell
44132,Hethu,TechnicalSupport,IT,83,BizRuntime
44133,Lavanya,NetworkEngineer,HR,45,SAMSUNG
44134,Deeksha,BusinessAnalyst,Infrastructures,65,Toshiba
44135,Deeksha,BusinessAnalyst,Infrastructures,75,Microsoft
44136,Hethu,TechnicalSupport,IT,83,BizRuntime
44137,Nandini,WebDeveloper,AccountsAndFinance,35,Dell
44138,Lavanya,NetworkEngineer,HR,45,SAMSUNG
44139,Deeksha,BusinessAnalyst,Infrastructures,75,Microsoft
44140,Deeksha,BusinessAnalyst,Infrastructures,65,Toshiba
44141,Manisha,SoftwareEngineer,SalesAndMarketing ,55,Asus
44142,Hethu,TechnicalSupport,IT,83,BizRuntime
44143,Nandini,WebDeveloper,AccountsAndFinance,35,Dell
44144,Hethu,TechnicalSupport,IT,83,BizRuntime
44145,Manisha,SoftwareEngineer,SalesAndMarketing ,55,Asus
44146,Deeksha,BusinessAnalyst,Infrastructures,65,Toshiba
44147,Deeksha,BusinessAnalyst,Infrastructures,75,Microsoft
44148,Lavanya,NetworkEngineer,HR,45,SAMSUNG
44149,Nandini,WebDeveloper,AccountsAndFinance,35,Dell
44150,Hethu,TechnicalSupport,IT,83,BizRuntime
44151,Deeksha,BusinessAnalyst,Infrastructures,75,Microsoft
44152,Deeksha,BusinessAnalyst,Infrastructures,65,Toshiba
44153,Lavanya,NetworkEngineer,HR,45,SAMSUNG
44154,Hethu,TechnicalSupport,IT,83,BizRuntime
44155,Nandini,WebDeveloper,AccountsAndFinance,35,Dell
44156,Hethu,TechnicalSupport,IT,83,BizRuntime
44157,Manisha,SoftwareEngineer,SalesAndMarketing ,55,Asus
44158,Lavanya,NetworkEngineer,HR,45,SAMSUNG
44159,Deeksha,BusinessAnalyst,Infrastructures,75,Microsoft
44160,Hethu,TechnicalSupport,IT,83,BizRuntime
44161,Nandini,WebDeveloper,AccountsAndFinance,35,Dell
44162,Hethu,TechnicalSupport,IT,83,BizRuntime
44163,Lavanya,NetworkEngineer,HR,45,SAMSUNG
44164,Deeksha,BusinessAnalyst,Infrastructures,65,Toshiba
44165,Manisha,SoftwareEngineer,SalesAndMarketing ,55,Asus
44166,Hethu,TechnicalSupport,IT,83,BizRuntime
44167,Nandini,WebDeveloper,AccountsAndFinance,35,Dell
44168,Lavanya,NetworkEngineer,HR,45,SAMSUNG
44169,Manisha,SoftwareEngineer,SalesAndMarketing ,55,Asus
44170,Deeksha,BusinessAnalyst,Infrastructures,65,Toshiba
44171,Deeksha,BusinessAnalyst,Infrastructures,75,Microsoft
44172,Hethu,TechnicalSupport,IT,83,BizRuntime
44173,Nandini,WebDeveloper,AccountsAndFinance,35,Dell
44174,Hethu,TechnicalSupport,IT,83,BizRuntime
44175,Deeksha,BusinessAnalyst,Infrastructures,75,Microsoft
44176,Deeksha,BusinessAnalyst,Infrastructures,65,Toshiba
44177,Manisha,SoftwareEngineer,SalesAndMarketing ,55,Asus
44178,Lavanya,NetworkEngineer,HR,45,SAMSUNG
44179,Nandini,WebDeveloper,AccountsAndFinance,35,Dell
44180,Hethu,TechnicalSupport,IT,83,BizRuntime
44181,Manisha,SoftwareEngineer,SalesAndMarketing ,55,Asus
44182,Deeksha,BusinessAnalyst,Infrastructures,65,Toshiba
44183,Lavanya,NetworkEngineer,HR,45,SAMSUNG
44184,Hethu,TechnicalSupport,IT,83,BizRuntime
44185,Nandini,WebDeveloper,AccountsAndFinance,35,Dell
44186,Hethu,TechnicalSupport,IT,83,BizRuntime
44187,Deeksha,BusinessAnalyst,Infrastructures,75,Microsoft
44188,Lavanya,NetworkEngineer,HR,45,SAMSUNG
44189,Manisha,SoftwareEngineer,SalesAndMarketing ,55,Asus
44190,Hethu,TechnicalSupport,IT,83,BizRuntime
44191,Nandini,WebDeveloper,AccountsAndFinance,35,Dell
44192,Hethu,TechnicalSupport,IT,83,BizRuntime
44193,Lavanya,NetworkEngineer,HR,45,SAMSUNG
44194,Deeksha,BusinessAnalyst,Infrastructures,65,Toshiba
44195,Deeksha,BusinessAnalyst,Infrastructures,75,Microsoft
44196,Hethu,TechnicalSupport,IT,83,BizRuntime
44197,Nandini,WebDeveloper,AccountsAndFinance,35,Dell
44198,Lavanya,NetworkEngineer,HR,45,SAMSUNG
44199,Deeksha,BusinessAnalyst,Infrastructures,75,Microsoft
44200,Deeksha,BusinessAnalyst,Infrastructures,65,Toshiba
44201,Manisha,SoftwareEngineer,SalesAndMarketing ,55,Asus
44202,Hethu,TechnicalSupport,IT,83,BizRuntime
44203,Nandini,WebDeveloper,AccountsAndFinance,35,Dell
44204,Hethu,TechnicalSupport,IT,83,BizRuntime
44205,Manisha,SoftwareEngineer,SalesAndMarketing ,55,Asus
44206,Deeksha,BusinessAnalyst,Infrastructures,65,Toshiba
44207,Deeksha,BusinessAnalyst,Infrastructures,75,Microsoft
44208,Lavanya,NetworkEngineer,HR,45,SAMSUNG
44209,Nandini,WebDeveloper,AccountsAndFinance,35,Dell
44210,Hethu,TechnicalSupport,IT,83,BizRuntime
44211,Deeksha,BusinessAnalyst,Infrastructures,75,Microsoft
44212,Deeksha,BusinessAnalyst,Infrastructures,65,Toshiba
44213,Lavanya,NetworkEngineer,HR,45,SAMSUNG
44214,Hethu,TechnicalSupport,IT,83,BizRuntime
44215,Nandini,WebDeveloper,AccountsAndFinance,35,Dell
44216,Hethu,TechnicalSupport,IT,83,BizRuntime
44217,Manisha,SoftwareEngineer,SalesAndMarketing ,55,Asus
44218,Lavanya,NetworkEngineer,HR,45,SAMSUNG
44219,Deeksha,BusinessAnalyst,Infrastructures,75,Microsoft
44220,Hethu,TechnicalSupport,IT,83,BizRuntime
44221,Nandini,WebDeveloper,AccountsAndFinance,35,Dell
44222,Hethu,TechnicalSupport,IT,83,BizRuntime
44223,Lavanya,NetworkEngineer,HR,45,SAMSUNG
44224,Deeksha,BusinessAnalyst,Infrastructures,65,Toshiba
44225,Manisha,SoftwareEngineer,SalesAndMarketing ,55,Asus
44226,Hethu,TechnicalSupport,IT,83,BizRuntime
44227,Nandini,WebDeveloper,AccountsAndFinance,35,Dell
44228,Lavanya,NetworkEngineer,HR,45,SAMSUNG
44229,Manisha,SoftwareEngineer,SalesAndMarketing ,55,Asus
44230,Deeksha,BusinessAnalyst,Infrastructures,65,Toshiba
44231,Deeksha,BusinessAnalyst,Infrastructures,75,Microsoft
44232,Hethu,TechnicalSupport,IT,83,BizRuntime
44233,Nandini,WebDeveloper,AccountsAndFinance,35,Dell
44234,Hethu,TechnicalSupport,IT,83,BizRuntime
44235,Deeksha,BusinessAnalyst,Infrastructures,75,Microsoft
44236,Deeksha,BusinessAnalyst,Infrastructures,65,Toshiba
44237,Manisha,SoftwareEngineer,SalesAndMarketing ,55,Asus
44238,Lavanya,NetworkEngineer,HR,45,SAMSUNG
44239,Nandini,WebDeveloper,AccountsAndFinance,35,Dell
44240,Hethu,TechnicalSupport,IT,83,BizRuntime
44241,Manisha,SoftwareEngineer,SalesAndMarketing ,55,Asus
44242,Deeksha,BusinessAnalyst,Infrastructures,65,Toshiba
44243,Lavanya,NetworkEngineer,HR,45,SAMSUNG
44244,Hethu,TechnicalSupport,IT,83,BizRuntime
44245,Nandini,WebDeveloper,AccountsAndFinance,35,Dell
44246,Hethu,TechnicalSupport,IT,83,BizRuntime
44247,Deeksha,BusinessAnalyst,Infrastructures,75,Microsoft
44248,Lavanya,NetworkEngineer,HR,45,SAMSUNG
44249,Manisha,SoftwareEngineer,SalesAndMarketing ,55,Asus
44250,Hethu,TechnicalSupport,IT,83,BizRuntime
44251,Nandini,WebDeveloper,AccountsAndFinance,35,Dell
44252,Hethu,TechnicalSupport,IT,83,BizRuntime
